Date,Sensor_202,Sensor_335,Sensor_390,Sensor_391,Sensor_409,Sensor_422,Ref,temperature,humidity
2026-06-26 09:00:00,5.29,5.114242424242424,4.9784848484848485,5.0249999999999995,4.920625,5.09909090909091,6.94995,24.6401766,81.4834138
2026-06-26 10:00:00,4.283898305084746,4.604915254237288,4.4289830508474575,4.523050847457627,4.364745762711864,4.503728813559323,9.28072,26.1748246,73.0117037
2026-06-26 11:00:00,3.6558333333333333,3.9833333333333334,3.8603333333333336,3.9513333333333334,4.091166666666667,4.068666666666667,9.32036,26.7339674,72.2177751
2026-06-26 12:00:00,4.531499999999999,4.854333333333333,4.888166666666667,4.745166666666666,5.0885,4.813166666666667,9.31469,25.1868155,82.7623031
2026-06-26 13:00:00,2.0768333333333335,2.368666666666667,2.4003333333333337,2.288,2.307166666666667,2.3291666666666666,7.45175,26.1036166,75.5934047
2026-06-26 14:00:00,1.9323333333333332,2.0953333333333335,2.059,1.9695,2.154333333333333,2.0521666666666665,9.88769,26.8400429,73.0662247
2026-06-26 15:00:00,1.4921666666666666,1.6520000000000001,1.7369999999999999,1.7526666666666666,1.6298333333333332,1.7741666666666667,7.91015,26.3599546,74.0949161
2026-06-26 16:00:00,1.8145,1.9178333333333335,1.8108333333333333,1.7936666666666667,1.8521666666666665,1.8828333333333334,6.32812,25.6119847,79.0238025
2026-06-26 17:00:00,1.7626666666666668,1.9555,1.9703333333333333,1.9446666666666665,1.8619999999999999,1.8846666666666667,5.44798,24.9626961,84.3328501
2026-06-26 18:00:00,1.7706666666666666,2.1018333333333334,2.069,1.9763333333333333,1.9778333333333333,2.0185,4.35838,24.7292074,86.3278424
2026-06-26 19:00:00,1.0941666666666667,1.2696666666666667,1.0608333333333333,1.0718333333333334,1.1678333333333333,1.0678333333333332,4.58131,24.5117149,87.8565103
2026-06-26 20:00:00,1.9116666666666666,2.2893333333333334,2.222666666666667,2.0776666666666666,2.0272131147540984,2.0763333333333334,4.30779,24.4790206,87.7296993
2026-06-26 21:00:00,3.3185,3.712,3.808,3.6365,3.6265,3.7128333333333337,5.06647,24.1463527,88.0850947
2026-06-26 22:00:00,4.093333333333333,4.557166666666666,4.489333333333334,4.398,4.465,4.5405,4.28118,23.9544735,87.9183912
2026-06-26 23:00:00,3.9691666666666667,4.649166666666667,4.495166666666666,4.371803278688525,4.401166666666667,4.539,3.42494,23.5979136,89.7071398
2026-06-27 00:00:00,4.636166666666667,5.209666666666666,5.251333333333333,4.944,5.042,5.069,5.12346,23.1627442,91.8446832
2026-06-27 01:00:00,5.121333333333333,5.7379999999999995,5.812,5.605,5.454166666666667,5.6354999999999995,4.09877,23.0687812,93.7760069
2026-06-27 02:00:00,6.269666666666667,7.252666666666667,7.454666666666667,7.1641666666666675,7.013,7.330666666666667,8.58039,23.2812255,92.5956768
2026-06-27 03:00:00,10.041166666666667,11.058166666666667,10.965833333333334,10.889333333333333,10.513666666666666,10.8835,8.03101,23.2095247,92.3612888
2026-06-27 04:00:00,5.4383333333333335,5.9135,6.054833333333334,30.101499999999998,5.783666666666666,5.991,9.24132,22.7012176,97.4907685
2026-06-27 05:00:00,3.315166666666667,3.7746666666666666,3.8755,29.630166666666664,3.5675000000000003,3.7943333333333333,10.1522,22.6284838,97.8667064
2026-06-27 06:00:00,4.8645000000000005,5.742666666666667,6.079166666666667,30.67366666666667,5.307833333333334,5.800166666666667,8.12175,22.5664985,95.7610052
2026-06-27 07:00:00,2.8855,3.2721666666666662,3.2441666666666666,12.454,3.138,3.3006666666666664,8.98591,23.0427178,92.6746141
2026-06-27 08:00:00,3.4415,3.690833333333333,3.723,12.254666666666667,3.5261666666666667,3.803833333333334,7.18873,23.4228431,93.4825527
2026-06-27 09:00:00,2.1086666666666667,2.5298333333333334,2.446166666666667,3.4636666666666667,2.2998333333333334,2.366333333333333,6.74637,26.289507,77.5287118
2026-06-27 10:00:00,1.657,1.934,1.8646666666666667,1.8465,1.7716666666666667,1.8791666666666667,7.18359,28.1425823,66.4276536
2026-06-27 11:00:00,1.4268333333333334,1.7369999999999999,1.5859999999999999,1.6408333333333334,1.6215,1.6071666666666669,7.25249,28.9742326,60.6149784
2026-06-27 12:00:00,2.5195,2.7371666666666665,2.7528333333333332,2.7456666666666667,2.7546666666666666,2.7503333333333333,5.802,27.8792812,66.5180803
2026-06-27 13:00:00,2.2528333333333332,2.6471666666666667,2.5069999999999997,2.415833333333333,2.5991666666666666,2.3871666666666664,4.6416,27.9048959,65.88115
2026-06-27 14:00:00,2.357666666666667,2.6438333333333333,2.5921666666666665,2.468166666666667,2.5801666666666665,2.5821666666666667,3.71328,28.312439,65.1733526
2026-06-27 15:00:00,1.8768333333333334,2.1876666666666664,2.0215,1.9905,1.8743333333333332,2.0301666666666667,9.58584,27.6666076,69.0702957
2026-06-27 16:00:00,1.7273333333333334,2.0453333333333332,1.9968333333333335,1.8655000000000002,1.8820000000000001,1.9044999999999999,7.66867,26.2653096,75.3069677
2026-06-27 17:00:00,1.6409999999999998,1.8715000000000002,1.864,1.6045,1.6798333333333335,1.6815,6.65289,25.5270004,79.3778211
2026-06-27 18:00:00,1.8960000000000001,2.2396666666666665,2.249,1.9723333333333335,2.1041666666666665,1.9795,5.32231,25.0532324,83.7339273
2026-06-27 19:00:00,2.665,3.0443333333333333,2.9228333333333336,2.734166666666667,2.789,2.8876666666666666,4.25785,24.9681831,83.3438562
2026-06-27 20:00:00,3.382833333333333,3.7328333333333332,3.7568333333333332,3.5766666666666667,3.5491666666666664,3.6555000000000004,3.40628,25.0945289,81.210377
2026-06-27 21:00:00,3.4061666666666666,3.6988333333333334,3.572666666666667,3.5621666666666667,3.466333333333333,3.5721666666666665,2.72502,24.9495289,80.7374827
2026-06-27 22:00:00,5.843666666666667,7.296333333333333,7.562666666666667,6.605666666666666,6.253333333333333,6.784833333333333,2.18002,24.1800808,84.7535737
2026-06-27 23:00:00,21.255333333333333,23.3885,24.050833333333333,24.61655737704918,24.01081967213115,25.267999999999997,1.74401,23.9279211,87.7188427
2026-06-28 00:00:00,5.513,6.166333333333333,6.180833333333334,6.140666666666666,5.9543333333333335,6.292,8.40531,23.5151744,87.4959615
2026-06-28 01:00:00,14.064166666666667,15.582666666666666,16.278166666666667,17.138333333333332,16.4035,17.609666666666666,14.1148,22.9217895,90.367126
2026-06-28 02:00:00,11.273166666666667,12.9395,13.527,13.878833333333334,13.167499999999999,13.533166666666666,13.3269,22.4165727,93.020009
2026-06-28 03:00:00,5.644,5.613666666666666,5.7844999999999995,10.522,5.622,5.9465,13.8654,22.6274386,93.9977317
2026-06-28 04:00:00,1.4849999999999999,1.5928333333333333,1.6580000000000001,8.5285,1.4985,1.6065,20.1351,22.717319,92.2792079
2026-06-28 05:00:00,1.7453333333333334,1.919,1.9051666666666667,8.786833333333334,1.812,1.8868333333333331,14.0946,22.18205,93.1432541
2026-06-28 06:00:00,2.2245,2.4211666666666667,2.5121666666666664,11.917166666666667,2.4231666666666665,2.3834999999999997,9.86619,21.9460472,94.9590008
2026-06-28 07:00:00,30.063,33.55883333333333,47.31966666666666,51.10216666666667,24.848166666666664,40.771499999999996,6.90633,23.5079741,85.2680607
2026-06-28 08:00:00,3.1815,3.327,3.3921666666666668,3.8636666666666666,3.2218333333333335,3.2188333333333334,20.143,24.7943457,77.0802823
2026-06-28 09:00:00,1.3153333333333335,1.4686666666666668,1.4409999999999998,1.3326666666666667,1.3945,1.3841666666666665,14.1001,26.8925137,67.7216302
2026-06-28 10:00:00,0.8595,0.9518333333333333,1.0368333333333333,0.9756666666666667,0.9385,0.9626666666666667,9.87007,28.0602104,62.3990213
2026-06-28 11:00:00,2.5988333333333333,2.9448333333333334,2.8986666666666663,2.9059999999999997,2.8756666666666666,2.9213333333333336,6.90905,28.5399561,60.605556
2026-06-28 12:00:00,1.9854999999999998,2.1176666666666666,2.2093333333333334,2.1616666666666666,2.2015000000000002,2.172166666666667,5.52724,27.5438102,66.6063855
2026-06-28 13:00:00,1.7775,2.0315,2.0484999999999998,1.9098333333333335,1.9128333333333332,1.9613333333333334,4.42179,27.9860452,66.2958263
2026-06-28 14:00:00,2.1420000000000003,2.2871666666666663,2.2873333333333337,2.2790000000000004,2.2111666666666663,2.3171666666666666,3.53743,27.9957187,65.3315929
2026-06-28 15:00:00,2.1115,2.3778333333333332,2.332333333333333,2.2075,2.1611666666666665,2.2213333333333334,2.82995,27.0033644,70.0280079
2026-06-28 16:00:00,1.2369999999999999,1.5003333333333333,1.4171666666666667,1.3686666666666667,1.3555,1.3691666666666669,2.26396,25.79472,74.4154451
2026-06-28 17:00:00,1.5051666666666668,1.6186666666666667,1.752,1.5291666666666666,1.6156666666666666,1.5633333333333332,2.31733,24.8878578,82.4105772
2026-06-28 18:00:00,1.7373333333333332,1.852,1.844,1.7753333333333332,1.7143333333333333,1.7916666666666667,1.85386,24.5745593,84.3073415
2026-06-28 19:00:00,2.6325,2.9406666666666665,2.865333333333333,2.754166666666667,2.7161666666666666,2.7743333333333333,1.48309,24.3706619,85.0713954
2026-06-28 20:00:00,2.533333333333333,2.7996666666666665,2.8056666666666668,2.747333333333333,2.7415000000000003,2.7876666666666665,1.18647,24.2249674,86.7986164
2026-06-28 21:00:00,1.7651666666666666,1.9038333333333335,1.931,1.9669999999999999,1.8205,1.9326666666666665,0.949178,23.9967212,88.1654986
2026-06-28 22:00:00,1.1783333333333335,1.3615,1.2593333333333334,1.3238333333333334,1.2055,1.2791666666666666,0.759342,23.8128774,87.885165
2026-06-28 23:00:00,1.4729999999999999,1.6286666666666667,1.7068333333333332,5.041333333333333,1.6088333333333333,1.6311666666666667,0.607474,23.2898313,90.5225227
2026-06-29 00:00:00,1.4594999999999998,1.5806666666666667,1.6393333333333333,4.192833333333334,1.519,1.6316666666666668,0.485979,23.0395092,91.4902636
2026-06-29 01:00:00,0.9671666666666667,1.031,1.1125,2.1068333333333333,1.0421666666666667,1.0511666666666666,0.388783,23.1505964,90.1389191
2026-06-29 02:00:00,1.154,1.2445,1.2203333333333333,3.8954999999999997,1.1864999999999999,1.2173333333333334,0.311027,23.0275792,87.9038176
2026-06-29 03:00:00,2.0508333333333333,2.15,2.2388333333333335,3.4871666666666665,2.1093333333333333,2.176833333333333,0.559363,22.9766611,85.7499826
2026-06-29 04:00:00,0.8501666666666666,0.906,0.94,1.1864999999999999,0.8586666666666667,0.9071666666666667,0.44749,22.3916048,87.0736334
2026-06-29 05:00:00,0.8953333333333333,0.9945,0.9215,1.786333333333333,0.9543333333333333,0.9561666666666666,0.357992,22.1437886,87.5515618
2026-06-29 06:00:00,1.2736666666666667,1.3625,1.4346666666666665,1.8150000000000002,1.3101666666666667,1.3176666666666668,0.286394,22.8264026,85.0385711
2026-06-29 07:00:00,1.5033333333333334,1.691,1.6061666666666667,1.5150000000000001,1.4628333333333332,1.5336666666666665,0.229115,25.4310755,72.4453405
2026-06-29 08:00:00,1.0796610169491525,1.2968333333333333,1.2245,1.1991666666666667,1.165,1.1565,1.0,27.9317705,61.1475589
2026-06-29 09:00:00,1.1191666666666669,1.3303333333333331,1.2593333333333334,1.1840000000000002,1.1553333333333335,1.0981666666666667,0.8,28.3396979,61.0566711
2026-06-29 10:00:00,0.9751666666666666,1.0927868852459015,1.1724999999999999,0.9733333333333333,1.0371666666666668,1.0158333333333334,1.0,29.319572,56.1018947
2026-06-29 11:00:00,1.0995,1.3038333333333334,1.1556666666666666,1.1203333333333334,1.1981666666666666,1.105,1.6,30.1091969,52.9295402
2026-06-29 12:00:00,1.9148333333333334,2.187,2.1943333333333332,2.088833333333333,2.109,2.06,6.1,29.9132253,57.184064
2026-06-29 13:00:00,1.962,2.377333333333333,2.313,2.8916666666666666,2.0756666666666668,2.1065,4.9,29.1857711,63.8073841
2026-06-29 14:00:00,1.6663333333333334,1.9585000000000001,1.9901666666666666,2.8858163643095147,1.8366666666666667,1.7183333333333333,6.2,28.184801,67.2442964
2026-06-29 15:00:00,1.7108333333333334,1.8638333333333332,2.0025,2.8799660619523633,1.9333333333333333,1.57,8.9,27.5360447,68.7684282
2026-06-29 16:00:00,1.8951666666666667,2.2733333333333334,2.3866666666666663,2.8741157595952114,2.115,1.903,7.1,26.6201988,71.7629513
2026-06-29 17:00:00,1.9688333333333332,2.2561666666666667,2.4145,2.86826545723806,1.9548333333333332,1.9798333333333333,6.3,25.7274935,79.6798056
2026-06-29 18:00:00,1.9284999999999999,2.1031666666666666,2.2498333333333336,2.862415154880908,1.951,2.0113333333333334,5.0,25.3173215,82.5173409
2026-06-29 19:00:00,2.777,3.020166666666667,3.161,2.8565648525237566,2.8466666666666667,2.8535,4.0,24.9749318,84.1175245
2026-06-29 20:00:00,3.6831666666666667,3.9836666666666667,4.011833333333334,2.8507145501666047,3.8051666666666666,3.8400000000000003,3.2,24.6168555,85.8253054
2026-06-29 21:00:00,2.3766666666666665,2.6214999999999997,2.671666666666667,2.8448642478094532,2.4901666666666666,2.4926666666666666,2.6,24.3811039,87.5058613
2026-06-29 22:00:00,1.9869999999999999,2.223,2.2448333333333332,2.8390139454523013,2.1213333333333333,2.1454999999999997,2.1,24.4415785,84.6497429
2026-06-29 23:00:00,2.0786666666666664,2.197,2.3103333333333333,2.83316364309515,2.1311666666666667,2.2365,1.7,23.9124121,85.7111643
2026-06-30 00:00:00,2.1058333333333334,2.4105,2.431833333333333,2.827313340737998,2.2253333333333334,2.2503333333333333,1.3,23.551266,86.5626784
2026-06-30 01:00:00,2.704333333333333,2.915,2.9736666666666665,2.8214630383808466,2.8586666666666667,2.8876666666666666,1.1,23.3078454,82.9772406
2026-06-30 02:00:00,6.922833333333333,7.497333333333333,7.626,2.8156127360236947,7.269333333333334,7.498833333333334,0.8,23.1048702,81.4359117
2026-06-30 03:00:00,2.802,2.958833333333333,2.9078333333333335,2.809762433666543,2.9045,2.952,0.7,23.0318653,79.3681296
2026-06-30 04:00:00,2.4366666666666665,2.6258333333333335,2.6755,2.8039121313093913,2.606333333333333,2.5698333333333334,0.7,22.8852533,79.5105342
2026-06-30 05:00:00,2.3583333333333334,2.547166666666667,2.5515,2.79806182895224,2.429333333333333,2.5311666666666666,0.5,22.7103305,80.1087428
2026-06-30 06:00:00,2.8725,3.1876666666666664,3.1366666666666663,2.792211526595088,2.978333333333333,3.060166666666667,0.4,23.0241489,79.1849254
2026-06-30 07:00:00,3.0115,3.2828333333333335,3.302,2.7863612242379365,3.2113333333333336,3.252666666666667,0.4,24.5682327,74.054286
2026-06-30 08:00:00,2.1045,2.2786666666666666,2.305833333333333,2.7805109218807846,2.159,2.203333333333333,0.3,26.9788761,64.8069458
2026-06-30 09:00:00,2.0406666666666666,2.1828333333333334,2.1103333333333336,2.774660619523633,2.024833333333333,2.0103333333333335,1.4,27.6934337,63.3806512
2026-06-30 10:00:00,1.7338333333333333,1.883,1.9461666666666666,2.7688103171664813,1.8396666666666666,1.8273333333333333,4.09,27.5160374,67.4634209
2026-06-30 11:00:00,1.7766666666666666,2.0138333333333334,1.9205,2.76296001480933,1.8093333333333335,1.8476666666666666,6.06,27.781251,66.8672084
2026-06-30 12:00:00,2.021166666666667,2.2268333333333334,2.2038333333333333,2.757109712452178,2.085166666666667,2.1405000000000003,6.46,27.3899059,69.91137
2026-06-30 13:00:00,1.8903333333333334,2.2285,2.2095,2.7512594100950265,2.024,1.9725,5.17,25.2121831,83.9118528
2026-06-30 14:00:00,3.2224999999999997,3.6653333333333333,3.74,2.7454091077378746,3.521,3.6813333333333333,4.13,24.9688864,87.5230339
2026-06-30 15:00:00,1.4406666666666665,1.6983333333333335,1.6104999999999998,2.739558805380723,1.4828333333333332,1.4945,9.81,25.5818065,79.0758245
2026-06-30 16:00:00,0.9163333333333334,1.0433333333333334,1.085,2.7337085030235713,0.9655,0.9798333333333333,10.67,25.8153411,72.1918911
2026-06-30 17:00:00,1.2285000000000001,1.2875,1.3343333333333334,2.72785820066642,1.2566666666666668,1.2303333333333335,13.57,25.5162666,69.0609677
2026-06-30 18:00:00,1.4955,1.5378333333333332,1.5668333333333335,2.722007898309268,1.4558333333333333,1.536333333333333,9.5,25.0726036,71.6243691
2026-06-30 19:00:00,1.7491666666666668,1.8231666666666666,1.9645000000000001,2.7161575959521165,1.774,1.8196666666666668,6.65,24.9495638,75.2520774
2026-06-30 20:00:00,4.244833333333333,4.501333333333333,4.525833333333334,2.7103072935949646,4.525833333333334,4.4303333333333335,6.83,24.6966952,80.6606347
2026-07-01 00:00:00,1.8415,2.0121428571428575,2.1001754385964913,2.704456991237813,1.7643859649122806,1.9559649122807017,6.81,23.362291,87.4449033
2026-07-01 01:00:00,2.5141666666666667,2.906071428571429,2.8192857142857144,2.6986066888806612,2.593392857142857,2.6825,5.45,23.3927453,87.0561001
2026-07-01 02:00:00,2.0705,2.385357142857143,2.3710714285714287,2.69275638652351,2.150357142857143,2.15875,4.36,23.3879996,85.6780836
2026-07-01 03:00:00,2.567333333333333,2.82125,2.895178571428571,2.686906084166358,2.7432142857142856,2.7655357142857144,3.49,22.6664476,89.1193111
2026-07-01 04:00:00,4.1321666666666665,4.370175438596491,4.644736842105263,2.6810557818092065,4.487368421052632,4.5305357142857146,4.54,22.7563117,89.4318278
2026-07-01 05:00:00,2.7753333333333337,2.8149090909090906,2.934,2.6752054794520546,2.7898214285714285,2.8591071428571433,3.64,22.8821163,87.3875892
2026-07-01 06:00:00,2.9135,3.2921428571428573,3.2942105263157897,2.669355177094903,2.988545454545455,3.1187272727272726,2.91,22.3776958,94.0380186
2026-07-01 07:00:00,5.022833333333334,5.2441071428571435,5.502678571428571,2.663504874737751,5.235535714285715,5.247678571428572,3.65,23.0843671,87.1375211
2026-07-01 08:00:00,1.8496666666666668,1.9910909090909092,2.0592727272727274,2.6576545723805998,1.846607142857143,1.9085454545454545,4.88,24.9557068,77.6602701
2026-07-01 09:00:00,1.9923333333333335,2.234545454545455,2.2152727272727275,2.651804270023448,1.942909090909091,2.046,5.8,27.5071214,66.2035633
2026-07-01 10:00:00,1.8338333333333334,2.012,1.9283636363636365,2.6459539676662964,1.8260714285714286,1.8274545454545454,6.25,28.7909561,61.720874
2026-07-01 11:00:00,1.9311666666666667,2.213636363636364,2.3347272727272728,2.6401036653091445,2.0578181818181815,2.030545454545454,6.25,29.3300889,56.6925659
2026-07-01 12:00:00,2.2438333333333333,2.6127272727272723,2.410727272727273,2.634253362951993,2.293636363636364,2.3378181818181822,6.25,28.9202271,58.6409417
2026-07-01 13:00:00,2.792333333333333,2.9536363636363636,3.1698148148148144,2.628403060594841,2.833090909090909,2.579090909090909,6.25,29.0656603,60.9541407
2026-07-01 14:00:00,3.1651666666666665,3.732222222222222,3.6272727272727274,2.6225527582376897,3.4974074074074077,3.2823636363636366,6.25,28.4964828,63.7842472
2026-07-01 15:00:00,3.0700000000000003,3.687741935483871,3.7615625,2.616702455880538,3.444516129032258,3.2246875,6.25,28.0667368,64.1541656
2026-07-02 09:00:00,1.6563999999999999,1.7669565217391305,1.8721739130434785,2.6108521535233864,1.5956521739130436,1.8595652173913042,3.99,28.0097993,55.7645334
2026-07-02 10:00:00,1.8346666666666667,2.2242592592592594,2.2674545454545454,2.6050018511662345,1.9938181818181817,1.9538181818181817,3.19,29.5040007,48.4692704
2026-07-02 11:00:00,2.2233333333333336,2.5923636363636366,2.497592592592593,2.599151548809083,2.4812962962962963,2.3316666666666666,2.78,30.3064283,48.4300149
2026-07-02 12:00:00,2.854,3.386727272727273,3.5970370370370373,2.593301246451931,3.1267272727272726,3.1399999999999997,2.22,29.3258693,58.1818142
2026-07-02 13:00:00,2.4530000000000003,2.8638181818181816,2.8783636363636362,2.5874509440947797,2.404181818181818,2.438727272727273,6.67,29.0135259,58.8375241
2026-07-02 14:00:00,2.663,3.2287037037037036,3.208703703703704,2.581600641737628,2.9298181818181814,2.9096296296296296,5.34,28.4388498,63.4198075
2026-07-02 15:00:00,2.8891666666666667,3.322777777777778,3.5388888888888888,2.5757503393804764,3.277037037037037,2.953148148148148,5.52,27.5900772,68.352931
2026-07-02 16:00:00,2.948,3.2305357142857143,3.3334545454545457,2.5699000370233245,3.143818181818182,3.036363636363636,7.97,26.8034689,71.1490282
2026-07-02 17:00:00,3.073,3.5985454545454543,3.700357142857143,2.564049734666173,3.2796363636363637,3.1405555555555558,7.48,26.0624132,77.2243842
2026-07-02 18:00:00,2.8756666666666666,3.4810909090909092,3.7112727272727275,2.558199432309021,2.9503636363636367,3.0850909090909093,5.98,25.5376924,81.3218498
2026-07-02 19:00:00,3.7030000000000003,4.216909090909091,4.26625,2.5523491299518692,3.8989090909090907,3.9198214285714283,5.72,25.189984,83.1485716
2026-07-02 20:00:00,3.699,3.893818181818182,4.117818181818182,2.546498827594718,3.7536363636363634,3.6464285714285714,4.58,24.9009247,84.1951555
2026-07-02 21:00:00,2.356666666666667,2.671090909090909,2.784909090909091,2.5406485252375663,2.3412499999999996,2.375272727272727,6.16,24.5824257,85.335629
2026-07-02 22:00:00,2.2853333333333334,2.7126785714285715,2.5850909090909093,2.5347982228804145,2.325090909090909,2.3345454545454545,5.54,24.3861654,85.4262168
2026-07-02 23:00:00,2.3256666666666663,2.5874545454545457,2.6650909090909094,2.5289479205232626,2.4380357142857143,2.421272727272727,4.43,24.0316217,85.9750094
2026-07-03 00:00:00,3.045166666666667,3.384909090909091,3.430892857142857,2.523097618166111,3.155272727272727,3.1942857142857144,3.55,23.9076574,85.2480974
2026-07-03 01:00:00,4.344333333333334,4.744909090909092,4.721454545454546,2.5172473158089597,4.565454545454545,4.607454545454545,4.03,23.4050843,84.2453574
2026-07-03 02:00:00,5.440166666666667,5.7369642857142855,6.039821428571429,2.5113970134518078,5.8847272727272735,5.9539285714285715,3.22,23.0552203,84.8196747
2026-07-03 03:00:00,5.516166666666667,5.835090909090909,5.924181818181818,2.505546711094656,5.978571428571429,6.045272727272727,3.52,22.9669892,83.8324898
2026-07-03 04:00:00,5.1995000000000005,5.622678571428572,5.733272727272727,2.4996964087375044,5.4443636363636365,5.409999999999999,5.6,22.8437589,82.0117464
2026-07-03 05:00:00,5.042333333333334,5.4363636363636365,5.569642857142857,2.493846106380353,5.374642857142858,5.486909090909091,4.48,22.8666472,78.810671
2026-07-03 06:00:00,4.866833333333333,5.2682142857142855,5.409090909090909,2.487995804023201,5.211636363636363,5.29074074074074,3.58,23.0288781,76.6651842
2026-07-03 07:00:00,3.2849999999999997,3.5078181818181817,3.59719298245614,2.482145501666049,3.4721818181818183,3.485357142857143,6.49,25.6894026,65.9105049
2026-07-03 08:00:00,2.2753333333333337,2.5021428571428572,2.475272727272727,2.4762951993088977,2.4487272727272726,2.4363636363636365,6.52,26.8758546,64.8724367
2026-07-03 09:00:00,1.8836666666666666,2.0678571428571426,1.989285714285714,2.4704448969517463,1.8958181818181818,1.8951785714285714,0.0,28.2095145,64.3541369
2026-07-03 10:00:00,2.027,2.2853703703703703,2.274,2.4645945945945944,2.2236363636363636,2.2192727272727275,0.0,29.1961188,61.1210811
2026-07-03 11:00:00,2.3237254901960784,2.706595744680851,2.733541666666667,2.410576923076923,2.3994,2.383125,0.0,28.7877257,62.8823003
2026-07-03 12:00:00,2.0785454545454543,2.440816326530612,2.285686274509804,2.162452830188679,2.113,2.1172916666666666,0.0,28.506711,62.9944779
